{"cameraMode":{"drawMode":0,"name":"Shaded","section":"Shading Mode"},"sceneLighting":true,"audioPlay":false,"sceneViewState":{"showFog":true,"showMaterialUpdate":false,"showSkybox":true,"showFlares":true,"showImageEffects":true,"showParticleSystems":true},"in2DMode":false,"pivot":{"x":-0.272153377532959,"y":-6.4472222328186039,"z":-0.7869356274604797},"rotation":{"x":0.5829479098320007,"y":0.4124824106693268,"z":-0.4449257254600525,"w":0.5404767990112305},"size":10.31919002532959,"orthographic":false}