{"cameraMode":{"drawMode":0,"name":"Shaded","section":"Shading Mode"},"sceneLighting":true,"audioPlay":false,"sceneViewState":{"showFog":true,"showMaterialUpdate":false,"showSkybox":true,"showFlares":true,"showImageEffects":true,"showParticleSystems":true},"in2DMode":false,"pivot":{"x":-1.6809008121490479,"y":-6.2179646492004398,"z":0.19613122940063477},"rotation":{"x":0.5101272463798523,"y":-0.4495634138584137,"z":0.3585056960582733,"w":0.6396727561950684},"size":10.31919002532959,"orthographic":false}