{"cameraMode":{"drawMode":0,"name":"Shaded","section":"Shading Mode"},"sceneLighting":true,"audioPlay":false,"sceneViewState":{"showFog":true,"showMaterialUpdate":false,"showSkybox":true,"showFlares":true,"showImageEffects":true,"showParticleSystems":true},"in2DMode":false,"pivot":{"x":-113.11675262451172,"y":-765.9613647460938,"z":185.3069610595703},"rotation":{"x":0.5884377360343933,"y":-0.2269185334444046,"z":0.17654040455818177,"w":0.7557854056358337},"size":840.2105102539063,"orthographic":false}